Post_id,Timestamp,Text,Score,subreddit,content_type,text_length,year,text_clean,dominant_topic,dominant_subtopic,subtopic_label
bv77my,2019-05-31 12:58:00,"The campaigns being to recycle, use sunscreen, carpool, grown some of your own produce, not use plastic bags, etc.

Or is most of the damage being done by large corporations that essentially negate the collective individual effects of people?",18.0,climateSubreddit,post,242,2019,campaign recycle sunscreen carpool grown produce plastic bag damage done large corporation essentially negate collective individual effect,1,2,Plastic & Recycling
19dbamu,2024-01-23 00:33:00,"The way I see it, being sustainable is in theory way easier than people act (well some of them anyway, especially if people don’t give into the man’s baser desires). Somethings like removing meat from the diet would be a challenge, but other things like companies make more sustainable products or transferring to green energy should be simple. Things that reduce or remove waste, toxic or long lasting byproducts, sustainable to make, use less, etc.

For posterity so that when crows evolve to take our place, have list of sustainable things we could do that we as a society have decided we won’t do. Add your own, broad or specific.

Here are some I know

**Energy**
- A mix of Green energy and removal of fossil fuels outside of specific specialized instances.
-energy efficient house designs, including walls, windows, and shape designs promoting efficiency

**Industry**
- Replace plastic with compostable, green alternatives except in specialized instances (like holding certain chemicals). 
- Only use recyclable plastics (if at all) and actually recycle them
- Containers that open in a way that can actually remove 99% of the product
- removal of planned senescence 
- products packaged and travel in compostable or recyclable materials 
- cradle to cradle industry
- more refillable product containers
-stop mining on earth when possible and mine asteroids or other bodies with no ecosystems to disturb

**pollution and waste**
- Turn unnecessary lights off at night for both energy use reduction and reduction of light pollution
-compost food waste
- going through trash to return recyclable or reusables so no more needs to he dug up
-mining that actually restores the environment
- no sunscreen toxic to corals in the ocean
-penalize tire waste on the road from planned blow-outs
-plastic catchers in the ocean and other waterways
-no unnecessary single-use products. More reusable products
-research methods to remove hard to remove pollutants such as plastics or pharmaceutical waste
-reuse clothes and use compostable fibers
-upcycle more
-use of chemical free or chemical mild cleaning methods such as steam or vinegar

**Agriculture and food**
- Stop eating meat or at least greatly reduce eating meat or many animal products for most people
- More Meat that is more efficient lower on the food chain such as mussels or insects
-localized hydroponic farming
- traveling fish farms
-water purification and treatment
-gmos that improve nutrition, efficiency, water usage, soil, range of growth, etc. 
-use or compost all parts of crops and animals
-Sustainable fishing practices such as methods to reduce bycatch, stricter catch limits, and no fishing waste
-fly farms using food waste to feed fowl and other livestock

**Homes and Land**
-compact housing
-native gardens. No planting of no-natives or at least those with the potential to he invasive
-home food gardens
-community gardens and green spaces
-walkable communities 
-mass transit

**ecology**
- efforts to eradicate invasive species when possible and reduce in other circumstances
- indoor cats only or at least bells on their necks
- no catch, sterilize, and release for invasive (such as cats). Just euthanize. 
- reforestation projects
- carbon sequestration
-protecting land, especially of endangered species and umbrella species
- programs to restore endangered species
-re-wilding projects
- nature and game preserves both on land and in the ocean
- no unethically sourced natural products, especially of endangered species
-once ecosystems are stabilized, return of extinct organisms humans have eradicated through cloning (potentially?)

**society**
- sex education
-providing contraceptives
-active, but sustainable population reduction
-sterilization (primarily of males due to ease of process) when appropriate after last desired child.
- equal rights for all especially for females and impoverished groups
-reduction of any income gaps
-reduction of poverty and programs to ease symptoms and causes of poverty
-wealth cap. No super-rich members of society
-equitable and livable wages
-no more war or skirmishes
-human needs are met


",4.0,sustainabilitySubreddit,post,4126,2024,sustainable theory easier act anyway especially give man baser desire somethings removing meat diet challenge company sustainable product transferring green energy simple reduce remove waste toxic long lasting byproduct sustainable less posterity crow evolve place list sustainable could society decided add broad specific energy mix green energy removal fossil fuel outside specific specialized instance energy efficient house design including wall window shape design promoting efficiency industry replace plastic compostable green alternative except specialized instance holding certain chemical recyclable plastic recycle container open remove product removal planned senescence product packaged travel compostable recyclable material cradle cradle industry refillable product container stop mining earth possible mine asteroid body ecosystem disturb pollution waste turn unnecessary light night energy reduction reduction light pollution compost food waste trash return recyclable reusables need dug mining restores environment sunscreen toxic coral ocean penalize tire waste road planned blowout plastic catcher ocean waterway unnecessary singleuse product reusable product research method remove hard remove pollutant plastic pharmaceutical waste reuse clothes compostable fiber upcycle chemical free chemical mild cleaning method steam vinegar agriculture food stop eating meat least greatly reduce eating meat animal product meat efficient lower food chain mussel insect localized hydroponic farming traveling fish farm water purification treatment gmos improve nutrition efficiency water usage soil range growth compost part crop animal sustainable fishing practice method reduce bycatch stricter catch limit fishing waste fly farm food waste feed fowl livestock home land compact housing native garden planting nonatives least potential invasive home food garden community garden green space walkable community mass transit ecology effort eradicate invasive specie possible reduce circumstance indoor cat least bell neck catch sterilize release invasive cat euthanize reforestation project carbon sequestration protecting land especially endangered specie umbrella specie program restore endangered specie rewilding project nature game preserve land ocean unethically sourced natural product especially endangered specie ecosystem stabilized return extinct organism human eradicated cloning potentially society sex education providing contraceptive active sustainable population reduction sterilization primarily male due ease process appropriate last desired child equal right especially female impoverished group reduction income gap reduction poverty program ease symptom cause poverty wealth cap superrich member society equitable livable wage war skirmish human need met,1,2,Plastic & Recycling
s205u0,2022-01-12 07:13:00,"The trend of fashion fabrics has been inseparable from sustainable environmental protection, and “sustainable environmental protection” has become a mainstream topic in the industry, using eco-friendly fabrics in fashion design and supporting environmental protection with practical actions. For the consideration of environmental protection. In the future, the use of natural raw materials will be the main focus, and in 2022, we will jointly promote the development of green and sustainable environmental protection fabrics to make products more environmentally friendly, practical, and ornamental.

&#x200B;

https://preview.redd.it/yybtzceeh7b81.jpg?width=640&format=pjpg&auto=webp&s=bfea141a827bd3677e77f37403e5c9b3638022a8

Sustainable fashion has gradually become the mainstream culture, and more and more fashion consumers are losing interest in clothes with opaque sources and rough workmanship, and are seeking ethical, wearable and distinctive clothing and accessories. In this context, the fashion industry is under tremendous pressure to seek new alternative textile materials that are more environmentally sustainable.How many of these different new eco-friendly fabrics do you know about?

## 1. Soy Fabric (SPF)

Soy protein fiber is known as the healthy, comfortable, and green fiber of the new century. Its main raw material is soy protein, which is large in quantity and low in price, and is conducive to resource recovery and redevelopment. Soy protein fiber has both the superiority of natural fiber and the physical properties of synthetic fiber. In a sense, soy fabric is potential material for high-grade clothing in the textile industry.

https://preview.redd.it/klwzcu6kh7b81.jpg?width=700&format=pjpg&auto=webp&s=ea3717f4aa3fdbd88a0798d680a81a8eb372502d

## 2. Algae Fabric（Algae Fiber ）

Algae fiber is called the industry’s “third fiber”. There are two main sources of traditional textile fibers, one is synthetic fibers based on petrochemicals, the other is natural fibers (cotton, linen, wool, silk, etc.) and land-based bio-renewable fibers (mainly wood and bamboo as raw materials). Seaweed fiber, as a new type of biodegradable regenerative fiber, is a fiber made from alginate isolated from some natural seaweed plants in the ocean (such as kelp and seaweed), and its products have good natural antibacterial, moisture-wicking, flame retardant and fire retardant and other excellent characteristics.

https://preview.redd.it/5bbiqhcph7b81.jpg?width=1100&format=pjpg&auto=webp&s=2186d1fc8b6137530e152de63b49cf27332725f4

## 3. Corn Fabric (PLA)

Corn Fiber Corn Fiber is also known as polylactic acid fiber that is PLA fiber, PLA fiber is corn, wheat and other starch as raw materials, fermentation into lactic acid and then a polymerization, spinning and made of synthetic fibers. It belongs to the completion of the natural cycle type, with biodegradable fiber. The fiber does not use chemical materials such as petroleum at all, and its waste can be decomposed into carbon dioxide and water under the action of microorganisms in the soil and seawater, which will not pollute the global environment. Since the initial raw material of this fiber is starch, its regeneration cycle is short, about one to two years, and the carbon dioxide produced by it can be reduced in the atmosphere by plant photosynthesis. When burning PLA fiber, there is almost no nitric oxide, and its heat of combustion is about one-third of that of polyethylene and polypropylene.

&#x200B;

https://preview.redd.it/xpm26qlth7b81.jpg?width=500&format=pjpg&auto=webp&s=065ba759e9c69eff153f9886b5a988802a134cc9

## 4. Coffee Ground Fibre

Singtex, a Taiwanese company, has successfully developed a new eco-friendly product using fibers made from coffee grounds.Singtex successfully invented S.Cafe eco-friendly coffee yarn in 2008, made from plastic bottles and coffee grounds, this green high-tech yarn is eco-friendly, deodorized, fast drying, UV resistant and has many different applications. The overall lifecycle of the coffee industry is enhanced by making the waste more valuable and its manufacturing process involves the use of chemicals that are essentially non-toxic, so they do not harm the environment. The new products are manufactured without the use of hazardous chemicals. Coffee grounds fibers are eco-friendly textiles because the fibers are 100% biodegradable and have no impact on the environment.

&#x200B;

https://preview.redd.it/pjwpsh4yh7b81.jpg?width=694&format=pjpg&auto=webp&s=fbdd82c5e9f08426b2941bb20b22469b21e9aa35

## 5. Tencel

Tencel is a sustainable fabric owned by the Austrian company Lenzing AG. It was first developed in 1972. There are two types of Tencel: Tencel lyocell and Tencel modal.Tencel is made from trees in nature and is a synthetic fiber made from 100% natural wood pulp extracted from eucalyptus trees.Lenzing AG produces Tencel from eucalyptus forests that are managed by artificial cultivation, on poor land where no other crops can be grown, in a well-planned and orderly manner, ensuring the sustainable use of raw materials and no ecological damage.

&#x200B;

https://preview.redd.it/sc0wnk44i7b81.jpg?width=930&format=pjpg&auto=webp&s=3ebfcf95f50942f52c5cae923c1775d845ed1d51

Because it is made of natural cellulose, it is green and degradable; it is more excellent in moisture absorption and breathability than other chemical fibers and natural fibers; it is cool to the touch and has better thermal conductivity than other fibers, almost the same as silk; the material is silky and smooth, the drape of the fabric is good, and it can be blended with another cotton, linen, wool and silk to form a fabric with the characteristics of various fibers that make up the fabric at the same time.At present, Tencel is widely used in the global high-end textile industry chain, Zara, NIKE and other internationally renowned brands are fans of “green fiber materials”.

## 6. Organic Cotton

Organic cotton is one of the important components of sustainable agriculture. Ecological protection, human health development and green natural ecological clothing have great significance. Organic cotton is natural farming, planting the process does not use chemical fertilizers and pesticides and other chemicals, 100% natural ecological growth environment, from seed to harvest, all-natural non-polluting production, even the color is natural, and no chemical residues in organic cotton, so it does not induce allergies, asthma or atopic dermatitis.

&#x200B;

https://preview.redd.it/zk3sq9hai7b81.jpg?width=716&format=pjpg&auto=webp&s=489e27997400dc6bd652700f9c48d90438c3ad61

## 7. Natural colored cotton

Natural color cotton is the use of modern bioengineering technology to cultivate a new textile material with natural color when the cotton spit fiber, compared with ordinary cotton has a soft and breathable, elastic, comfortable to wear, so it is also known as a higher level of ecological cotton. Compared with white cotton, colored cotton products are beneficial to human health; in the textile process to reduce the printing and dyeing process; catering to the human proposed “green revolution” slogan, reducing the pollution of the environment; conducive to the country to continue to maintain the status of textile exporting countries, breaking the international “green trade barriers”. Internationally known as zero pollution.

&#x200B;

https://preview.redd.it/wmzojm6fi7b81.jpg?width=696&format=pjpg&auto=webp&s=9840c09399c6ad12fc2ec384ae66f0f1023ec020

## 8. Bamboo Fabric(Bamboo fiber)

Bamboo fiber yarn raw material selection of bamboo as raw material, the use of bamboo pulp fiber production of staple fiber yarn, is a green product. Bamboo can grow up to 3 feet tall overnight, can grow and renew quickly, and can be used sustainably. To a large extent, it can alleviate the shortage of wood and cotton resources. Bamboo fiber textiles are made of biodegradable material, which can be completely degraded in the soil by microorganisms and sunlight, and this decomposition process does not cause any environmental pollution.

&#x200B;

https://preview.redd.it/xccfqawii7b81.jpg?width=1024&format=pjpg&auto=webp&s=b76bae5faefd33a6d8c0e6fd3a2006b3997a3311

## 9. Organic Linen

“Queen of natural fibers” – linen is not only a pure natural green fiber but also a highly efficient, environmentally friendly, recycled natural fiber. She is nature’s precious renewable resource, as human sustainable use of environmentally friendly raw materials, and she is known for low energy consumption in sustainable production, linen requires minimal water and pesticides, and can even grow in poor quality soil. All linen products can be recycled, this rare “zero waste” quality has become the most significant ecological advantage of linen fiber, as the best textile raw materials woven into natural linen is a full reflection of people’s respect for the earth and its renewable resources.

&#x200B;

https://preview.redd.it/y2hszrzli7b81.png?width=700&format=png&auto=webp&s=afe868fc717dc1eba36bd8e8d64b0565cbe2747d

## 10. Natural Cork Fabric

Cork is the bark of cork oak, done without harming the tree itself because the outer bark can regenerate itself, is the original material of pure nature. Cork fabric not only the product itself is pollution-free, and because the raw material of cork is regenerative, each tree can only be peeled once in 9 years, so there is no destructive to forest resources. And cork also has a natural unique texture, cork also has a compressible, elastic, impermeable, water, moisture, shock absorption, sound insulation and other functions.

&#x200B;

[Natural Cork Fabric](https://preview.redd.it/efzoit8si7b81.jpg?width=6000&format=pjpg&auto=webp&s=350dcbf85717c20770e9f0ee9ffe5cf57796c41c)

Cork fabric has flexibility, can be bent at will, but also in the surface sanding after waxing, coloring, spraying oil paint, branding, hot pattern; applicable in household goods such as bags, shoes, leather bags, gift boxes, handicrafts, household goods packaging, etc. Make the crafting of everyday items natural, rustic, rugged beauty of nature. With ornamental value and treasured value. With over 10 years of experience in the production of cork fabrics, [HZCORK](https://www.hzcork.com) is a good choice.

Natural cork fabric has good water resistance, scrub resistance, oil resistance, dirt resistance, and wear resistance. Cork is a pure natural green decorative material. The products are exquisite craftsmanship, antique and elegant, beautiful and natural, strong durability, hard to dissolve, moisture-proof and non-corrosive, heat insulation, anti-static, anti-radiation, non-toxic and tasteless, fire retardant and fireproof, sound insulation, a high-grade decorative material.

&#x200B;

Source：[https://www.hzcork.com/the-most-sustainable-fabrics/](https://www.hzcork.com/the-most-sustainable-fabrics/)",38.0,AnticonsumptionSubreddit,post,10910,2022,trend fashion fabric inseparable sustainable environmental protection sustainable environmental protection become mainstream topic industry ecofriendly fabric fashion design supporting environmental protection practical action consideration environmental protection future natural raw material main focus jointly promote development green sustainable environmental protection fabric product environmentally friendly practical ornamental xb httpspreviewreddityybtzceehbjpgwidthformatpjpgautowebpsbfeaabdefecba sustainable fashion gradually become mainstream culture fashion consumer losing interest clothes opaque source rough workmanship seeking ethical wearable distinctive clothing accessory context fashion industry tremendous pressure seek new alternative textile material environmentally sustainablehow different new ecofriendly fabric soy fabric spf soy protein fiber known healthy comfortable green fiber new century main raw material soy protein large quantity low price conducive resource recovery redevelopment soy protein fiber superiority natural fiber physical property synthetic fiber sense soy fabric potential material highgrade clothing textile industry httpspreviewredditklwzcukhbjpgwidthformatpjpgautowebpseafaafdbdadaaebd algae fabricalgae fiber algae fiber called industry third fiber two main source traditional textile fiber synthetic fiber based petrochemical natural fiber cotton linen wool silk landbased biorenewable fiber mainly wood bamboo raw material seaweed fiber new type biodegradable regenerative fiber fiber made alginate isolated natural seaweed plant ocean kelp seaweed product natural antibacterial moisturewicking flame retardant fire retardant excellent characteristic httpspreviewredditbbiqhcphbjpgwidthformatpjpgautowebpsdfcbedebcff corn fabric pla corn fiber corn fiber known polylactic acid fiber pla fiber pla fiber corn wheat starch raw material fermentation lactic acid polymerization spinning made synthetic fiber belongs completion natural cycle type biodegradable fiber fiber chemical material petroleum waste decomposed carbon dioxide water action microorganism soil seawater pollute global environment since initial raw material fiber starch regeneration cycle short two year carbon dioxide produced reduced atmosphere plant photosynthesis burning pla fiber almost nitric oxide heat combustion onethird polyethylene polypropylene xb httpspreviewredditxpmqlthbjpgwidthformatpjpgautowebpsbaecefffbaacc coffee ground fibre singtex taiwanese company successfully developed new ecofriendly product fiber made coffee groundssingtex successfully invented scafe ecofriendly coffee yarn made plastic bottle coffee ground green hightech yarn ecofriendly deodorized fast drying uv resistant different application overall lifecycle coffee industry enhanced waste valuable manufacturing process involves chemical essentially nontoxic harm environment new product manufactured without hazardous chemical coffee ground fiber ecofriendly textile fiber biodegradable impact environment xb httpspreviewredditpjwpshyhbjpgwidthformatpjpgautowebpsfbddcefbbbbbeaa tencel tencel sustainable fabric owned austrian company lenzing ag developed two type tencel tencel lyocell tencel modaltencel made tree nature synthetic fiber made natural wood pulp extracted eucalyptus treeslenzing ag produce tencel eucalyptus forest managed artificial cultivation poor land crop grown wellplanned orderly manner ensuring sustainable raw material ecological damage xb httpspreviewredditscwnkibjpgwidthformatpjpgautowebpsebfcfffccaecdedd made natural cellulose green degradable excellent moisture absorption breathability chemical fiber natural fiber cool touch thermal conductivity fiber almost silk material silky smooth drape fabric blended another cotton linen wool silk form fabric characteristic various fiber fabric timeat present tencel widely global highend textile industry chain zara nike internationally renowned brand fan green fiber material organic cotton organic cotton important component sustainable agriculture ecological protection human health development green natural ecological clothing significance organic cotton natural farming planting process chemical fertilizer pesticide chemical natural ecological growth environment seed harvest allnatural nonpolluting production color natural chemical residue organic cotton induce allergy asthma atopic dermatitis xb httpspreviewredditzksqhaibjpgwidthformatpjpgautowebpsedcbdfcdcad natural colored cotton natural color cotton modern bioengineering technology cultivate new textile material natural color cotton spit fiber compared ordinary cotton soft breathable elastic comfortable wear known higher level ecological cotton compared white cotton colored cotton product beneficial human health textile process reduce printing dyeing process catering human proposed green revolution slogan reducing pollution environment conducive country continue maintain status textile exporting country breaking international green trade barrier internationally known zero pollution xb httpspreviewredditwmzojmfibjpgwidthformatpjpgautowebpsccadfcecaeffec bamboo fabricbamboo fiber bamboo fiber yarn raw material selection bamboo raw material bamboo pulp fiber production staple fiber yarn green product bamboo grow foot tall overnight grow renew quickly sustainably large extent alleviate shortage wood cotton resource bamboo fiber textile made biodegradable material completely degraded soil microorganism sunlight decomposition process cause environmental pollution xb httpspreviewredditxccfqawiibjpgwidthformatpjpgautowebpsbbaefaefdadcefdaba organic linen queen natural fiber linen pure natural green fiber highly efficient environmentally friendly recycled natural fiber nature precious renewable resource human sustainable environmentally friendly raw material known low energy consumption sustainable production linen requires minimal water pesticide grow poor quality soil linen product recycled rare zero waste quality become significant ecological advantage linen fiber best textile raw material woven natural linen full reflection people respect earth renewable resource xb httpspreviewreddityhszrzlibpngwidthformatpngautowebpsafefcdcebabdedbcbed natural cork fabric cork bark cork oak done without harming tree outer bark regenerate original material pure nature cork fabric product pollutionfree raw material cork regenerative tree peeled year destructive forest resource cork natural unique texture cork compressible elastic impermeable water moisture shock absorption sound insulation function xb natural cork fabrichttpspreviewredditefzoitsibjpgwidthformatpjpgautowebpsdcbfcefeeffecfcc cork fabric flexibility bent surface sanding waxing coloring spraying oil paint branding hot pattern applicable household good bag shoe leather bag gift box handicraft household good packaging crafting everyday item natural rustic rugged beauty nature ornamental value treasured value year experience production cork fabric hzcorkhttpswwwhzcorkcom choice natural cork fabric water resistance scrub resistance oil resistance dirt resistance wear resistance cork pure natural green decorative material product exquisite craftsmanship antique elegant beautiful natural strong durability hard dissolve moistureproof noncorrosive heat insulation antistatic antiradiation nontoxic tasteless fire retardant fireproof sound insulation highgrade decorative material xb sourcehttpswwwhzcorkcomthemostsustainablefabricshttpswwwhzcorkcomthemostsustainablefabrics,1,5,Sustainable Fashion & Materials
pol4nf,2021-09-15 07:07:00,"Let say you want to buy something, you have enough money and you want to make the world a better place. 

You found a product A (eco friendly, sustainable, with zero waste packaging) and product B (mass market, plastic packaging). 

If A and B costs about the same, sure, go with A.

If A costs significantly more than B, you will do more good if you buy B and donate difference to a green charity vs spending the same money and buying A.

Edit: I feel like I need to add some math to explain why donation isn't just an offset, but can have a bigger impact than buying green product. 

Let's imagine you need a sunscreen and you are willing to spend more money to reduce plastic waste of your purchase. You can buy either buy sunscreen A for 30$ per 1.6 oz (real advice from someone on this sub) in a zero waste packaging (cardboard or aluminum) or you can get 1.6 oz of sunscreen B for 3$ (in a big plastic bottle, 15$ for 8oz, this is also not a cheapest option, but it is vegan and made in the same country where you live, so no tortured animals and child labour). Let's assume that in one year you will use about 12 oz of sunscreen. So it either 225$ per year and no waste or 22.5$ per year and 1.2 plastic bottle waste (1.5 plastic bottle produced and we know that about 20% of plastic getting recycled). Let's imagine we went with cheaper option, saved 202.5$ dollars and donated it to a charity for cleaning ocean from plastic. They claims to clean about 200 pounds (90kg) of plastic for this money and verify that plastic gets properly recycled. 

So we are looking on getting a sunscreen + generating no waste vs getting a sunscreen + generating 0.1 kg of plastic waste (1.2 of one bottle) + cleaning 90kg of plastic waste. It is not an offset, it is much bigger impact. (Let me know if my math was wrong, I'll edit this post)

It is basically a 900 times difference you can make by your donation vs your damage. 

Who are all these people who are choosing the first option? If you don't care about green impact, why choose expensive green products? If you do care about green impact, why be so... proactively anti-intellectual about that?",4.0,ZeroWasteSubreddit,post,2148,2021,let buy money world place found product eco friendly sustainable zero waste packaging product b mass market plastic packaging b cost cost significantly b buy b donate difference green charity v spending money buying edit add math explain donation offset bigger impact buying green product let imagine sunscreen willing spend money reduce plastic waste purchase buy either buy sunscreen per oz real advice sub zero waste packaging cardboard aluminum oz sunscreen b big plastic bottle oz cheapest option vegan made country live tortured animal child labour let assume year oz sunscreen either per year waste per year plastic bottle waste plastic bottle produced plastic getting recycled let imagine went cheaper option saved dollar donated charity cleaning ocean plastic claim clean pound kg plastic money verify plastic get properly recycled looking getting sunscreen generating waste v getting sunscreen generating kg plastic waste bottle cleaning kg plastic waste offset bigger impact let math wrong ill edit post basically time difference donation v damage choosing option care green impact choose expensive green product care green impact proactively antiintellectual,1,2,Plastic & Recycling
1fypdao,2024-10-08 02:21:00,"hi!! i’m looking for a good zero waste sunscreen. i’m looking for a chemical sunscreen, not mineral. unfortunately I cannot compromise with that. I am also looking for something not too greasy that would be good for everyday use. I know I may not be able to find what i’m looking for in sustainable packaging, but figured i’d ask around first to see if anyone knew of anything. thanks in advance! ",11.0,ZeroWasteSubreddit,post,397,2024,hi looking zero waste sunscreen looking chemical sunscreen mineral unfortunately compromise looking greasy everyday may able looking sustainable packaging figured id ask anyone knew thanks advance,1,3,Consumer Awareness & Greenwashing
1c5iudr,2024-04-17 15:25:00,"One is ""plastic coral"".  Smart to add more plastic to our oceans?",1.0,climatechangeSubreddit,comment,65,2024,plastic coral smart add plastic ocean,1,2,Plastic & Recycling
ronsoc,2021-12-26 17:35:00,">I was kind of surprised that they didn't have reef protection initiatives in place or more protection against littering at beaches

Aruba banned both single-use plastics and sunscreen containing harmful chemicals(like oxybenzone and paraben) to the reefs some 3 or 4 years ago. There's also the implementation of some protected marine parks that fall under the purview of the Arikok National Park. Of course, more measures are needed. 

You sure it was plastic bags they were offering at the stores and not some type of synthetic/bio alternative? They're not allowed to be sold anymore and are banned from import. Even the ""transition"" period has already passed. It should be noted though that it's not a total ban on plastics. Some things simply don't have a feasible replacement yet, for example the plastic wraps for produce and of course water bottles (which Aruba strongly discourages tourists from buying because the tap water tastes better anyways and is [very safe](https://webaruba.com/production/your-drinking-water)).",5.0,sustainabilitySubreddit,comment,1029,2021,kind surprised reef protection initiative place protection littering beach aruba banned singleuse plastic sunscreen containing harmful chemicalslike oxybenzone paraben reef year ago there implementation protected marine park fall purview arikok national park course measure needed plastic bag offering store type syntheticbio alternative allowed sold anymore banned import transition period passed noted total ban plastic simply feasible replacement yet example plastic wrap produce course water bottle aruba strongly discourages tourist buying tap water taste anyways safehttpswebarubacomproductionyourdrinkingwater,1,2,Plastic & Recycling
1b62093,2024-03-06 03:17:00,"Reef safe is greenwashing. Don't worry about that and just get a sunscreen that you'll use all the way up. The best ways to protect the environment is to buy just the products you actually need and use them all up. I love Jen Nokavitch on Instagram (@theecowell) - she's a PHD in cosmetic chemistry and talks about greenwashing and sustainability. Here's an article talking about how reef safe is greenwashing - [https://www.refinery29.com/en-gb/reef-safe-sunscreen-explained#:\~:text=%22Under%20the%20same%20exposure%20conditions,'reef%20safe](https://www.refinery29.com/en-gb/reef-safe-sunscreen-explained#:~:text=%22Under%20the%20same%20exposure%20conditions,'reef%20safe)'%20enables%20greenwashing.",1.0,sustainabilitySubreddit,comment,702,2024,reef safe greenwashing worry sunscreen youll best way protect environment buy product love jen nokavitch instagram theecowell shes phd cosmetic chemistry talk greenwashing sustainability here article talking reef safe greenwashing httpswwwrefinerycomengbreefsafesunscreenexplainedtextunderthesameexposureconditionsreefsafehttpswwwrefinerycomengbreefsafesunscreenexplainedtextunderthesameexposureconditionsreefsafeenablesgreenwashing,1,1,Certifications & Standards
rhrurj,2021-12-16 15:43:00,"I'm not too mad at the Hope Reef example as you can see they're actually accomplishing something positive. The problem is companies saying stuff like""we're committed to reducing plastic waste"" and then not doing anything meaningful.",11.0,AnticonsumptionSubreddit,comment,232,2021,mad hope reef example accomplishing positive problem company likewere committed reducing plastic waste meaningful,1,3,Consumer Awareness & Greenwashing
17figmz,2023-10-25 04:18:00,at least for skincare it’s largely a scam; most of the time you can get away with just 2-3 products a day (moisturizer/cleanser/spf),2.0,AnticonsumptionSubreddit,comment,132,2023,least skincare largely scam away product day moisturizercleanserspf,1,6,Carbon Footprint & Corporate Responsibility
i3ecer,2020-08-04 07:45:00,"You have some good suggestions from other users here. I’m based in the UK so may not be of much help. Re sunscreen though, don’t forsake your health in the name of reducing plastic waste. If you can only source or afford protection that is packaged in plastic you are still likely to be reducing waste long term by preventing yourself from becoming ill. I’m a bit wary of sunscreen that comes in tins although I’m sure some do work.",2.0,ZeroWasteSubreddit,comment,432,2020,suggestion user based uk may sunscreen forsake health name reducing plastic waste source afford protection packaged plastic likely reducing waste long term preventing becoming ill bit wary sunscreen come tin although,1,3,Consumer Awareness & Greenwashing
i3ecer,2020-08-04 13:47:00,"The packaging is just a small portion of the waste, and liquids need some kind of waterproof containment that's sealed. If companies magically got rid of all the plastic bottles etc while still being able to transport items, they'd only be reducing the product's waste by less than half at the most.       
Cleansers and moisturisers are generally 70-80% water, and the main ingredients are generally oils or derived from oils, like surfactants - making them produces about the same amount of waste as making the types of plastics used in the packaging. If a product is 25% not water, and the packaging is 5-10% of the weight of the product, the waste from the product is always going to be much larger than its packaging. I've seen a few products in a thin plastic sachet which reduces the packaging waste slightly but doesn't affect the total waste of the product much, and means that the packaging is landfill only instead of sometimes recycled.     
In terms of reducing skin care waste, most of the possible waste reduction comes from using fewer products, and less of them, not looking for inventive packaging. Seeing how little product you actually need for it to work can make a big difference since the suggested amount is often twice as much as you need. For sunscreen, you can estimate the surface area of your face to calculate the minimum needed since you don't get proper protection otherwise - it's somewhere between 1/8-1/4tsp.
Some products come in solid form, which reduces the packaging waste but doesn't affect the total waste much, especially when buying a new product that doesn't end up being usable negates the potential gain.      
But at the end of the day, I don't stress about skin care waste that much because it's so much less than the other areas in which I can reduce waste.",5.0,ZeroWasteSubreddit,comment,1806,2020,packaging small portion waste liquid kind waterproof containment sealed company magically rid plastic bottle able transport item theyd reducing product waste less half cleanser moisturisers generally water main ingredient generally oil derived oil surfactant produce amount waste type plastic packaging product water packaging weight product waste product larger packaging seen product thin plastic sachet reduces packaging waste slightly affect total waste product mean packaging landfill instead sometimes recycled term reducing skin care waste possible waste reduction come fewer product less looking inventive packaging seeing product big difference since suggested amount often twice sunscreen estimate surface area face calculate minimum needed since proper protection otherwise somewhere tsp product solid form reduces packaging waste affect total waste especially buying new product usable negates potential gain day stress skin care waste less area reduce waste,1,2,Plastic & Recycling
pol4nf,2021-09-16 18:38:00,"I think you got the wrong math and wrong facts and wrong terminology (cognitive dissonance and hominem attack).

Toothpaste example: this is a great example actually. I mentioned there before that up to 1.5-2x price difference I most likely choose the greener version. So I looked into toothpaste recently. First, I was surprised that most of tooth paste I found here were ""fluoride free"" for some reason so should be avoided (please be careful with this if you use it). I found one company that sells tabs with fluoride in a zero waste packaging for refills. It would cost me 10$ per month (60 tabs). Almost got it, but I googled details first. Figured that they are selling not their own produced tabs, but repackaged version of mass marked made tabs from another country (goes for 5$ per 120 tabs in a plastic packaging and ships here from the opposite end of the world). Lol. It is like 4x markup, hidden plastic waste and huge carbon footprint. Green washing on it fines. Ok the opposite side, I can get paste in aluminium tube for 2.5$ per months (small tube for 5$, lasts 2 months) or plastic tube for 1.25$ (big tube for 5$, last 4 months, plastic is recyclable so it is a little but better).
So final math is (I went with aluminum but not sure if it is the best option): 
- doing the same damage (plastic waste or carbon footprint for shipping or carbon footprint for aluminium recycling)
- x4 price difference, aka 90$ per year
- 40kg of plastic removed if we donate (I think they gave estimate 1 dollar per 1 pound, check your math)

Sunglasses: I think you got it wrong. You don't have to get sunglasses, you can just donate. I think it is just trinket that you can optionally get if you donate a lot. As far as I understand from reading their website, they are investing in better recycling technologies to create better quality recycled plastic (one of the biggest problem with plastic today is that virgin version costs around 1100$ per ton and recycled is 800$ per ton and quality is worse, using the virgin plastic is also a problem). As far as I understand they are looking for commercial partners to use their plastic in products. I think sunglasses is just a ""proof of concept"" kind of thing to test their technologies and show off to get better chances with potential investors and big corporate clients (disproving stereotype of low quality recycled plastic). Even if they aren't there yet and tech is still developing,  plastic is getting out of the ocean right now and stops degrading. Even if you don't like this specific charity, you can choose another and it will still have greater impact versus investing in greener consumer choices. 

Supply and demand: is taken into consideration, wellbeing if overpriced green products makers just has no value in my calculations. Affordable ones does and I do choose green alternatives when possible. Creating artificial demand for marked up greenwashed products? Nope thank you. They are targeting small group of rich concerned people, praying their guilt feelings and selling them luxury of illusion of not being responsible to damage to a planet. And yes, dental care and sunscreen is totally not a luxury, you are right here, but it does not justify 4x or 10x markups. 

Justifying not changing habits and promoting wastefullness: nice try to assign me evil opinion I didn't expressed, that's is not what I'm saying at all. I do support changing habits, I do support green (not green washed products). I do advocate for doing it smart way and sending money and support to places where it can make more impact. I do advocate for changing habits, even habits of thinking of changing habits. Playing x4 for tooth tabs or x10 for sunscreen is real wastefullness. 

Offset: good point of offset not being a solution, but we aren't talking about offset. Donating to right charity isn't just offsetting the damage. Offset would be ""consume one plastic bottle, recycle one plastic bottle"" kind of deal. Consume one and save money to recycle 900x is much much much bigger than just offsetting it.

Pouring the motor oil: very emotional example, but not really related because of 1) donating having bigger effect vs offset of damage 2) buying something you need and using it isn't same as pouring it down the drain. But yes, I'd say if I have to spend one gallon of motor oil to make 900x difference (that would not happened other wise) I would use one gallon of motor oil with no regrets.",1.0,ZeroWasteSubreddit,comment,4450,2021,wrong math wrong fact wrong terminology cognitive dissonance hominem attack toothpaste example example mentioned x price difference likely choose greener version looked toothpaste recently surprised tooth paste found fluoride free reason avoided please careful found company sell tab fluoride zero waste packaging refill cost per month tab almost googled detail figured selling produced tab repackaged version mass marked made tab another country go per tab plastic packaging ship opposite world lol x markup hidden plastic waste huge carbon footprint green washing fine ok opposite side paste aluminium tube per month small tube last month plastic tube big tube last month plastic recyclable final math went aluminum best option damage plastic waste carbon footprint shipping carbon footprint aluminium recycling x price difference aka per year kg plastic removed donate gave estimate dollar per pound check math sunglass wrong sunglass donate trinket optionally donate far understand reading website investing recycling technology create quality recycled plastic biggest problem plastic today virgin version cost per ton recycled per ton quality worse virgin plastic problem far understand looking commercial partner plastic product sunglass proof concept kind test technology show chance potential investor big corporate client disproving stereotype low quality recycled plastic yet tech developing plastic getting ocean stop degrading specific charity choose another greater impact versus investing greener consumer choice supply demand taken consideration wellbeing overpriced green product maker value calculation affordable one choose green alternative possible creating artificial demand marked greenwashed product nope targeting small group rich concerned praying guilt feeling selling luxury illusion responsible damage planet dental care sunscreen totally luxury justify x x markup justifying changing habit promoting wastefullness nice assign evil opinion expressed support changing habit support green green washed product advocate smart sending money support place impact advocate changing habit habit thinking changing habit playing x tooth tab x sunscreen real wastefullness offset offset solution talking offset donating charity offsetting damage offset consume plastic bottle recycle plastic bottle kind deal consume save money recycle x bigger offsetting pouring motor oil emotional example related donating bigger effect v offset damage buying pouring drain id spend gallon motor oil x difference happened wise gallon motor oil regret,1,2,Plastic & Recycling
pol4nf,2021-09-17 02:30:00,"Hey, please reread, I never said that you are using hominem attack or that you having cognitive dissonance, I said that you got the terminology wrong, not that you are the one doing it. 

I don't think that trying to maximize positive impact of my choices is a cognitive dissonance thing, and I'm consistent af in trying to do this. :) 

Actually yes, I went a little sidetrack with greenwashing. Sorry about that, I just really pissed of with this company lol.  Marking up prices by praying on consumers guilt isn't necessary greenwashing, product can be legit. But still unjustifiably expensive. I tried to show you that it isn't necessary the case that what seems to be a better choice isn't the actually one. Tabs (ones with fluoride) can be greenwasheed product, if I buy it direct from manufacturer it will have plastic packaging and huge carbon footprint (shipping from Europe to USA). Aluminum tube (my new choice) is 100% recyclable, but recycling aluminum has carbon footprint already. Plastic one (my old choice) has the recycling symbol on - most likely household recycling won't take it, but I can drop it off at Nordstorm and they will recycle it as cosmetic product (at least that what they are saying). 

But ok let's answer your question about 5$ of difference.  Let's imagine we have the legit obvious green choice for 10$ and not so green for 5$. Usually I would go with greener option up until 1.5-2x price difference honestly. But by pure logic it would also make a valid choice to donate. So it is 5$ extra per month. On a damage side it is 6 extra aluminum tubes or 3 plastic ones per year. On a charity side it is extra 60$ per year in savings. It is 27 kg of plastic removed. Or 9000lbs of carbon offset (at least what is carbonfund are saying). That's a serious impact to just skip on it without thinking. 

* actually I forgot that charities are tax deductible, and green purchases are not, so it is even bigger numbers for charity impact

Comparing this to veganism is so wrong on so many levels. First, because there is no dilemma. It does not cost extra to be vegan. Vegan food choices are roughly about the same price as not vegan one (at least in USA). I don't have to choose between being vegan or donating. I can do both and I do both. But with buying overpriced greener products vs donating - there I have to choose. Because money is a limited resource (at any level of personal wealth). I do have to choose between zero waste sunscreen for a year + supporting luxury green company or 90kg of plastic removed + 0.1kg added + supporting recycling research. I can't do both (I can but it means I could donate 2x more, 3x more etc). 

Second, it is disproportional. I guess it would costs A LOT to offset so many animal deaths. It does cost a little to reduce carbon or clean ocean. If I was eating meat/eggs/dairy as much as regular American, and offsetted it all, I would end up sponsoring multiple sanctuaries fully: all food, vet care, rent, stuff salaries. And it just for offset, not for x900 impact. 

But let's imagine if was 1) it has the same proportions as sunscreen or toothpaste example  2) it has for some reason same conflict of interest and we have to choose either animal or offset (not the case in a real world) and can't choose both. Let say we need to kill one animal to save 900 (sunscreen example proportions). Or kill one to save 270 (dental tabs proportions). And now we are have... The trolley problem. What would you do? (there is no right answer, it is shitty situation to be, and we exactly in it every day with consumer choices) Who is really hurting the animals most, one who kills one animal or one who is letting hundreds die? Who is doing more harm for planed, one who is choosing harmful options or one who is skipping the opportunity to make hundred times offset?

(It is may be actually a real situation if we keep in mind about plastic in ocean is killing animals)

Maximizing your impact to reduce waste is exactly what zero waste aims for.",1.0,ZeroWasteSubreddit,comment,4010,2021,hey please reread hominem attack cognitive dissonance terminology wrong trying maximize positive impact choice cognitive dissonance consistent af trying went sidetrack greenwashing sorry pissed company lol marking price praying consumer guilt necessary greenwashing product legit unjustifiably expensive tried show necessary case seems choice tab one fluoride greenwasheed product buy direct manufacturer plastic packaging huge carbon footprint shipping europe usa aluminum tube new choice recyclable recycling aluminum carbon footprint plastic old choice recycling symbol likely household recycling drop nordstorm recycle cosmetic product least ok let answer question difference let imagine legit obvious green choice green usually greener option x price difference honestly pure logic valid choice donate extra per month damage side extra aluminum tube plastic one per year charity side extra per year saving kg plastic removed lb carbon offset least carbonfund serious impact skip without thinking forgot charity tax deductible green purchase bigger number charity impact comparing veganism wrong level dilemma cost extra vegan vegan food choice roughly price vegan least usa choose vegan donating buying overpriced greener product v donating choose money limited resource level personal wealth choose zero waste sunscreen year supporting luxury green company kg plastic removed kg added supporting recycling research mean could donate x x second disproportional guess cost offset animal death cost reduce carbon clean ocean eating meateggsdairy regular american offsetted sponsoring multiple sanctuary fully food vet care rent salary offset x impact let imagine proportion sunscreen toothpaste example reason conflict interest choose either animal offset case real world choose let kill animal save sunscreen example proportion kill save dental tab proportion trolley problem answer shitty situation exactly day consumer choice hurting animal kill animal letting hundred die harm planed choosing harmful option skipping opportunity hundred time offset may real situation mind plastic ocean killing animal maximizing impact reduce waste exactly zero waste aim,1,2,Plastic & Recycling
u4isre,2022-04-15 22:28:00,"I would like to see more emphasis and education regarding zero-waste products that are actually-*truly*- more sustainable. For example, we can all agree that having a reusable water bottle is a great way to cut down on single-use plastics. However, we know that even sturdy water bottles made of plastic or even silicon can shed micro plastics into drinking water and the environment. If we were to adopt a more wholistic view of zero-waste under the umbrella of sustainability, we know that a stainless steel water bottle is a much better choice because it does not leech chemicals or micro plastics, it can be constantly re-used and kept for a longer period of time, and it can be recycled into another stainless steel item in the future.

Other examples include products that may not come in 100% zero waste packaging, but contain much more sustainable ingredients. Like sunscreen or toothpaste or even food items.",24.0,ZeroWasteSubreddit,comment,917,2022,emphasis education regarding zerowaste product actuallytruly sustainable example agree reusable water bottle cut singleuse plastic however sturdy water bottle made plastic silicon shed micro plastic drinking water environment adopt wholistic view zerowaste umbrella sustainability stainless steel water bottle choice leech chemical micro plastic constantly reused kept longer period recycled another stainless steel item future example include product may zero waste packaging contain sustainable ingredient sunscreen toothpaste food item,1,2,Plastic & Recycling
ugkgqd,2022-05-02 16:41:00,"I agree with this post insofar as I don’t think the zero waste movement is perfect.  Anticonsumption, for one thing - one of the first things I did WAS to reduce consumption, and I now buy way less.  But I still buy things.  Someone pointed out somewhere in this thread that at least in the US, we live in a capitalist society, and we make meaningful change with purchasing power.  So in the beginning, I purchased a lot of zero waste swaps because I can’t be bothered to make them, I can afford them, and I want to support sustainable businesses.  There won’t be any sustainable businesses anymore if we don’t buy from them!  And I’m not interested in hearing anyone scold me for not being extreme enough in my anti consumption.

I’m not into the DIY thing either.  I’m in the US and I still use Tide (powder detergent) and Colgate toothpaste and regular sunscreen.  I think of myself as low waste, not zero waste.  I’m actively trying to be sustainable but I’m not going to wear smelly clothes or have rotting teeth to make that happen.

I think that if we focus too much on being extreme, it will turn people away.  We need to be realistic if we want people to adopt sustainable practices.  That means not pushing extreme measures that nobody will do.  I mean, my parents just are not going to use vegan DIY dish soap.  They are not.  So let’s come up with solutions that everyone can do.  If you want to DIY it’s fine, but I think we need to be accepting of other ways of doing zero waste, too, and realize that most people won’t adopt the most extreme practices.",5.0,ZeroWasteSubreddit,comment,1567,2022,agree post insofar zero waste movement perfect anticonsumption reduce consumption buy less buy pointed somewhere thread least u live capitalist society meaningful change purchasing power beginning purchased zero waste swap bothered afford support sustainable business sustainable business anymore buy interested hearing anyone scold extreme anti consumption diy either u tide powder detergent colgate toothpaste regular sunscreen low waste zero waste actively trying sustainable wear smelly clothes rotting teeth happen focus extreme turn away realistic adopt sustainable practice mean pushing extreme measure nobody parent vegan diy dish soap let solution everyone diy fine accepting way zero waste realize adopt extreme practice,1,3,Consumer Awareness & Greenwashing
x6990v,2022-09-05 13:25:00,"There are eco-friendly sunscreens that do not contain the ingredients that harm the environment, and don't contain endocrine disruptors.",47.0,ZeroWasteSubreddit,comment,136,2022,ecofriendly sunscreen contain ingredient harm environment contain endocrine disruptors,1,5,Sustainable Fashion & Materials
x6990v,2022-09-05 15:56:00,"Yep! I forgot to mention in my other comment, another major limitation is I couldn't get the lab to formulate anything considered an ""Over The Counter Medication"" by the FDA in zero waste form. It has to be in a sealed final customer packaging when it leaves the lab. So that includes sunscreen, Benzoyl peroxide, aluminum, salicylic acid, adapalene.",16.0,ZeroWasteSubreddit,comment,350,2022,yep forgot mention comment another major limitation couldnt lab formulate considered counter medication fda zero waste form sealed final customer packaging leaf lab includes sunscreen benzoyl peroxide aluminum salicylic acid adapalene,1,6,Carbon Footprint & Corporate Responsibility
x6990v,2022-09-05 16:24:00,"Chemical sunscreens are super bad for you and the environment.  Usually if people are low or zero waste, they do it because they care about the environment.",-5.0,ZeroWasteSubreddit,comment,156,2022,chemical sunscreen super bad environment usually low zero waste care environment,1,3,Consumer Awareness & Greenwashing
x6990v,2022-09-06 06:32:00,"medical supplies are all disposable, so preventing the use of them by wearing sunscreen is a win.",3.0,ZeroWasteSubreddit,comment,97,2022,medical supply disposable preventing wearing sunscreen win,1,2,Plastic & Recycling
x6990v,2022-09-06 23:42:00,i specifically was talking about sunscreens that use active ingredients other than zinc that are literally killing the coral and sea plants and animals where i live.  how is using sunscreen that comes in a low waste container but still harms the planet zero waste?,0.0,ZeroWasteSubreddit,comment,264,2022,specifically talking sunscreen active ingredient zinc literally killing coral sea plant animal live sunscreen come low waste container harm planet zero waste,1,2,Plastic & Recycling
1cpdjyb,2024-05-11 10:16:00,"It is more important that the sunscreen is effective with as little ingredients as possible that are harmfull for the planet. I use p20. I believe that is an international brand. 
Look for certifications.",4.0,ZeroWasteSubreddit,comment,204,2024,important sunscreen effective ingredient possible harmfull planet p believe international brand certification,1,5,Sustainable Fashion & Materials
1fypdao,2024-10-08 02:38:00,"While I share your attitude and efforts, this is one of those times where your health may take precedent over your environmental impact. Besides, chemical sunscreen itself has such a nasty impact on the environment (but again, in the absence of an alternative product that works for you, your health must be your priority) that a little plastic tube is really inconsequential.",63.0,ZeroWasteSubreddit,comment,376,2024,share attitude effort time health may precedent environmental impact besides chemical sunscreen nasty impact environment absence alternative product work health must priority plastic tube inconsequential,1,2,Plastic & Recycling
1fypdao,2024-10-08 04:49:00,"i dont have anything regarding zero waste to add but its important to me to say chemical sunscreen are safe for skin, safe for the environment, and safe for coral reefs. the idea that their bad is greatly misleading. 

the most important thing about the sunscreen you pick is that its something you can see yourself using everyday, also if memory serves me right is theres no expiration on the bottle it expires 1 yr after opening so just getting a large size to reduce packaging wont really work if its gonna expire before you use it all.

so yeah.. just get one you like and worry about zero waste in other places.

also i like image skincares mattifying sunscreen or if thats above your budget sunbums chemical sunscreens are a go to for me.

good luck!",8.0,ZeroWasteSubreddit,comment,756,2024,regarding zero waste add important chemical sunscreen safe skin safe environment safe coral reef idea bad greatly misleading important sunscreen pick everyday memory serf there expiration bottle expires yr opening getting large size reduce packaging gon na expire worry zero waste place image skincare mattifying sunscreen budget sunbums chemical sunscreen luck,1,3,Consumer Awareness & Greenwashing
1fypdao,2024-10-08 23:42:00,"I too have been looking for an eco friendly sunscreen and I came across this one on amazon called ""Thrive Reef Safe Sunscreen."" I have NOT used the sunscreen myself but it is on my watch list. What I like about this brand is that they are extremely environmentally friendly and claim to be plastic negative!





[https://a.co/d/7VsxlY0](https://a.co/d/7VsxlY0)",0.0,ZeroWasteSubreddit,comment,361,2024,looking eco friendly sunscreen came across amazon called thrive reef safe sunscreen sunscreen watch list brand extremely environmentally friendly claim plastic negative httpsacodvsxlyhttpsacodvsxly,1,2,Plastic & Recycling
1fypdao,2024-10-12 02:38:00,"While these are both hybrids, Facetheory has an spf 30 niacinamide & vitamin c whip that used to be in glass and is now in aluminum packaging, and Green People has an spf 30 face sunscreen that is packaged in sugarcane plastic. Not completely zero waste, but better.",1.0,ZeroWasteSubreddit,comment,266,2024,hybrid facetheory spf niacinamide vitamin c whip glass aluminum packaging green spf face sunscreen packaged sugarcane plastic completely zero waste,1,2,Plastic & Recycling
1fypdao,2024-10-13 10:06:00,"Hi, like many comments, i think health comes first... I use the one from my local store, [www.naay.es](http://www.naay.es) 50+ sunscreen, it's pretty good in every way, it is not zero waste.",1.0,ZeroWasteSubreddit,comment,190,2024,hi comment health come local store wwwnaayeshttpwwwnaayes sunscreen pretty zero waste,1,2,Plastic & Recycling
